convert angenaam.gif angenaam.png
convert annyong1.gif annyong1.png
convert annyong2.gif annyong2.png
convert byego.gif byego.png
convert byestay.gif byestay.png
convert chalchin.gif chalchin.png
convert cheonman.gif cheonman.png
convert choesong.gif choesong.png
convert gogreen.gif gogreen.png
convert gored.gif gored.png
convert howdydo.gif howdydo.png
convert kamsa.gif kamsa.png
convert kwaench.gif kwaench.png
convert mian.gif mian.png
convert nameis.gif nameis.png
convert oren.gif oren.png
convert ottoke.gif ottoke.png
convert seyo.gif seyo.png
convert shillye.gif shillye.png
convert stayred.gif stayred.png
convert sumnida.gif sumnida.png
convert ttopoep.gif ttopoep.png
